epochs,test_kl_losses,test_losses,test_recon_latent_losses,test_recon_losses,train_kl_losses,train_losses,train_recon_latent_losses,train_recon_losses
0,47.986644847972975,137.12285387193833,0.06202863871648505,22.540972941630596,46.76009409639625,218.9203558017966,0.09138395607916529,97.98498095024425
1,46.46938148704735,132.14046705091323,0.06815876086821428,18.754077086577546,46.52311739461508,156.7845231112351,0.06955349684255967,42.872239239744836
2,38.46955613832216,123.44846797633815,0.08097757640722636,22.216083629711253,40.796584178827565,142.7710426673371,0.06778824054975048,40.841402048019944
3,38.297221518851615,135.14489869813661,0.10664719383458833,26.556297611545872,39.46961709324469,137.88361732937327,0.06700715613890425,38.84223637652289
4,34.472556036871836,116.99946119978621,0.07672767723734314,25.03604522911278,37.02396759892208,132.375191844992,0.06495120971668311,38.8418936148125
5,35.854005246549036,118.19695488182273,0.08307050128240843,21.56779552150417,36.25806443743571,130.04557423872302,0.0647391838588285,38.10769026057723
6,33.572287688384186,110.47966415817673,0.06654672898553513,23.371071892815667,35.29629445549338,127.44570667010407,0.06357888610321848,37.77945192995407
7,40.21198643864812,121.39090831859691,0.0767963949490238,17.92801707499736,35.00095843172621,126.34474875776662,0.06362051958135823,37.25667607979424
8,31.315591399734085,119.90585780788112,0.09607904786999161,28.450960623251426,34.429547622784305,124.72702155450378,0.06274128217510919,37.045541676109735
9,32.95697031794368,107.0644910657728,0.06394304979491879,21.96763559289881,34.23970667886552,123.7429979976068,0.06218025687522732,36.609507578003075
10,33.819716891726934,113.02011747617979,0.08045295646061769,21.244796392079945,34.07691507595252,123.24686633514968,0.06228752490924558,36.40677879081707
11,29.804551614297402,107.8839758795661,0.06989450088223896,27.30652128683554,33.78699333117175,122.3147337204984,0.06182110263310432,36.194416271357206
12,31.1773387290336,107.35488499821844,0.0687476761035017,24.375905835950697,33.588781521570304,121.64814809189986,0.06135745256268544,36.06334936971741
13,31.926075497189082,105.73888933336413,0.06410298738125209,22.655841930492503,33.375304704757156,120.79418220772473,0.06076880240146602,35.812932101163
14,30.596908363136084,108.86841830691776,0.0772140696644783,24.51038092535895,33.20357603580019,120.16865960150719,0.06040201664622322,35.640902510091266
15,32.92823626544025,116.48202390928526,0.09510872956063296,22.09293154123667,33.03836061131535,119.60056679027083,0.060054153173796,35.50759958216057
16,35.02887148470492,134.63398000356312,0.13553945841015996,23.914398915058857,32.99779927477277,119.29947476867017,0.060034341341678024,35.29357388193123
17,30.510870907757734,114.89042251174514,0.09734255840649476,24.665913710723053,32.88255702058267,118.88142553400553,0.05973920587856402,35.19454958728696
18,31.186593493899785,102.59250187229466,0.058576113166841304,22.64648045720281,32.64920648304439,118.16868129253221,0.059251205318029,35.09490673087773
19,32.39843399460251,113.39785869701488,0.08862633761521932,22.013090082117028,32.57439189221294,117.89315502521511,0.05927772365526034,34.96105413476751
20,30.209962690198743,105.96576195794182,0.07185394780055897,23.989652015067435,32.401813327871686,117.32484739310897,0.05881433205134733,34.87692114817727
21,30.550008722253747,112.51202640017948,0.0909076284717869,24.139720195048564,32.279557120795864,116.96741858362445,0.058748890461224335,34.78363723499108
22,30.958470112568623,100.5106852763408,0.05421223008149379,22.330076217651367,32.160808113301435,116.60403305327424,0.0585550400553364,34.71590482794171
23,30.854327124518317,103.9581725661819,0.0660233423113823,22.442515295905036,32.12896019438342,116.40424365525627,0.05849633052768669,34.597424105707674
24,30.059201936464053,104.01080940865181,0.06646785834753835,23.952046935622757,31.98469039647266,115.99630483722322,0.058232145435532,34.55728042951987
25,30.45697021484375,104.53532842687659,0.06604016008409294,23.809340141914987,31.70516878783765,115.43880872816128,0.058008522361657086,34.62591444860556
26,29.687005378104544,102.22152256321263,0.06508036139043602,23.323402559435046,31.48553235237709,114.8688187627417,0.05744673543681369,34.6637334033032
27,28.999478314373945,101.87996879783836,0.06493348608145842,24.400965716387773,31.26942865743076,114.42392778413215,0.057236953780576666,34.7139843304952
28,30.14514923095703,104.17627509864602,0.07054702857056179,22.7218677417652,31.15034178083095,114.13051318690486,0.057052123445325904,34.71419259722081
29,29.077608366270322,100.97750524572425,0.06560528922725369,23.140701036195498,30.667804366078204,113.12568553006429,0.056240414823974745,34.9179523599891
30,28.293486827128643,99.00827129467113,0.06130916111775347,24.028549709835566,30.38441634252901,112.53048080834974,0.055857858177143414,35.00429059320607
31,27.728866731798327,97.08045794512775,0.058417257626314424,24.097546964078337,29.754020641091724,111.1676863634142,0.054722191190761646,35.24298766513852
32,27.13136358518858,96.68800539583773,0.05921585878004899,24.660519007089977,29.170984239953604,109.92765159567072,0.05387048938680467,35.42453628747316
33,26.90880388826937,95.0600060127877,0.057769058926685435,23.911681355656803,28.581287862199062,108.51297138443977,0.052858647467709304,35.49280146031129
34,26.08741012779442,92.78669017070048,0.05470001747882044,24.2018643972036,27.9873410415583,107.06991581134537,0.05193484875752105,35.514779062978654
35,25.292154724533493,89.78367449786212,0.0476903171354049,24.892270320170635,27.417436860820967,105.54650474317145,0.0509424904511884,35.42888389867758
36,25.31113995732488,94.15370673102302,0.06312952603440027,24.592568577946842,27.18624371313044,104.72887557244641,0.05057653018284118,35.183429084559926
37,24.595687763111012,91.21430309398754,0.057707282135615476,24.7107427442396,26.557403250381697,103.03729800985317,0.04932768788683066,35.12418520803528
38,24.260159982217324,90.8611357405379,0.05831438464087409,24.846500242078626,26.073601739326033,101.40347159494303,0.048228890598092766,34.78760091870639
39,25.617437620420713,91.71655294057486,0.05638855182238527,23.56511301607699,26.172665647163246,101.5012689854201,0.04914412296885441,34.41270075389127
40,24.17496799778294,91.17361079035578,0.058765271426858126,25.19409298252415,25.42025945378446,99.32248839680969,0.047375082128198874,34.26944484448275
41,23.170683474154085,88.65890585409629,0.055369557359734096,25.70667132815799,25.025039336524415,97.80135399072023,0.04642212468071947,33.824637909460385
42,22.482715606689453,87.4764033137141,0.05614396446460002,25.66778260308343,24.748909909564915,96.56793689362391,0.04567719113084289,33.36695971234839
43,23.711742349573083,87.69917194263355,0.05791085918207426,22.902429426038587,24.50591945199757,95.3838374510911,0.044906899215571144,32.899928728573336
44,22.722957920383763,84.97581399453652,0.051868566790142574,23.969327462686074,24.291315079399702,94.46672729431067,0.04441013212926564,32.56105749551447
45,21.99295291385135,86.74590445853569,0.054856644288913625,26.303005991755306,24.091223852263223,93.27063912259125,0.04333046772356691,32.089051120084406
46,22.387896460455817,83.11257047910948,0.0477543471230043,24.010473766842402,23.908909109900197,92.41621757741176,0.042731243617461556,31.77902634124729
47,22.809451696035023,84.75871462435336,0.05512285182202185,22.602955895501214,23.764529169913743,91.65252958860434,0.04225406443079961,31.447251928429786
48,22.044882233078415,81.78770879797034,0.04910477311224551,22.966512319203968,23.604573477190655,90.79816022346095,0.041583744936030016,31.11388983190039
49,21.82700358210383,82.84340337804846,0.051244990849817124,23.81589956541319,23.428627477212054,90.08821364721327,0.041118427018207754,30.895430607564855
50,21.986611959096546,77.81911674705711,0.03893187893806277,22.166328791025524,23.30774781347691,89.339928934276,0.04052001014608113,30.568430219781145
51,21.087285634633655,83.86218715358424,0.059264523254053014,23.908259520659577,23.170124429811047,88.83406435276564,0.04044919862817079,30.35905585825464
52,20.970755963712126,79.58100994213207,0.048634039187753525,23.049286404171504,23.076570934387334,88.21953635247316,0.04000468617185136,30.064988669598407
53,21.862641927358265,81.23808350434174,0.05213352020930599,21.87274200851853,23.02796276551595,88.47021116258706,0.041379516361036685,30.000430710678607
54,20.098659618480784,81.39170672442462,0.05653570481651538,24.233675312351536,22.963077195053607,87.55391690590704,0.04028547837638021,29.542119002267484
55,21.935288918984902,77.17782386573586,0.044661839970865765,19.90869326204867,22.809660516105765,86.74993738634834,0.03949010817775875,29.28358389084782
56,21.0477038203059,79.08163204708615,0.050024826784391664,21.978776416263067,22.663633089786373,86.06554371452796,0.03877906291137372,29.10455868278219
57,20.095308613132786,78.45405640473237,0.05260724181661735,22.481267568227405,22.570521757437433,85.55505632116835,0.03840836509802706,28.891503311955777
58,20.411270347801416,72.01803032127586,0.03503698362289248,20.684393444576777,22.470510057105873,84.99111291599041,0.037850853221316455,28.694836826616775
59,21.400190508043444,73.52192419928474,0.03590673832474528,19.94952139983306,22.391146224203613,84.55657462183501,0.037656886105236535,28.477216320808488
60,20.942757735381257,73.47656167520059,0.03627866285072791,20.707447258201807,22.347454570469978,84.28784527474686,0.03769292779450439,28.285057808122996
61,21.58219842653017,79.49604962323163,0.05959175577437555,18.454125945632523,22.235855912049445,83.57874308858172,0.03688341800937022,28.042005862811017
62,19.682568421234954,84.220637553447,0.055783941939070415,28.120318644755596,24.218493611419795,101.3041369027271,0.04961980902581748,37.98120697198201
63,18.847949517739785,78.9169688869167,0.050989167211023534,25.924320994196712,23.228628066556873,89.86697999096548,0.043535706535882235,30.34901189488511
64,21.05627843495962,76.80232939849029,0.0475600778653815,20.42174937274005,22.845631911836822,87.36895428082536,0.04148242544955034,29.23296273240475
65,20.387312554024362,74.4885451858108,0.04276066253314147,20.8857222376643,22.634352912723458,85.88590384908188,0.039775344377071524,28.68459475111023
66,23.16102631027634,91.84315305142789,0.06967449470146282,24.618752711528057,22.462479254876392,84.6909500495435,0.038665297543529445,28.16640227748641
67,20.283418242995804,78.24790748389992,0.05288111861493137,21.816734829464473,22.360283519282486,84.01629002423952,0.03808428785847698,27.870436619400188
68,20.00369221455342,74.51172452359586,0.0487694076791003,19.873518814911712,22.281662847305665,83.37943201453709,0.03752813528826151,27.557665788184803
69,19.805192792737806,72.68081314499314,0.04117439435543241,20.718110677358265,22.159809758296955,82.7524796136785,0.03703576977485067,27.3221291680238
70,19.27070597055796,68.79116883149018,0.0301635700303155,21.200685707298486,22.13494502954141,82.96657801089657,0.037969287660054654,27.30590161493289
71,20.344500412812103,72.45230576798723,0.04267839281945615,18.95978597692541,22.091635240656455,82.41193019118886,0.03700652918027398,27.126700935111316
72,19.964187725170238,70.66308490650074,0.03912479651940835,18.99727037790659,22.01828901346699,81.86974254064717,0.03634320031617969,26.930204407091715
73,19.94004094922865,69.28783251788165,0.03338254102178522,19.392989390605205,21.959691630801604,81.49411312689229,0.03599635175212268,26.775824379065607
74,19.8932445629223,71.80637916358742,0.038784731179475784,20.384471171611064,21.94952873650514,81.56562751629177,0.03632783647191956,26.76821913764021
75,19.889499612756676,77.58119263520112,0.06414335462692622,18.559186316825247,21.926314148824833,81.15106026846455,0.03570219661728409,26.587772963479686
76,19.702276178308434,77.0050566389754,0.06228791600143587,18.914130339751374,21.88903212406128,80.96431027036725,0.03563185298224332,26.496690143902764
77,19.487023894851273,70.54259552826753,0.04216664777816953,18.91855425448031,21.814576642266637,80.42961141864666,0.0348979045297316,26.331086780916145
78,19.66197885049356,71.83825807313661,0.04589054199892122,18.74713706970215,21.786813490650704,80.43949064150458,0.03498113333471106,26.371523641369063
79,19.126709757624447,69.31768798828125,0.03776363978112066,19.73517670502534,21.758916764506807,80.02679991580932,0.03468007218022612,26.104944682710887
80,19.724905993487383,74.44489226470122,0.05493109471894599,18.515751864459062,21.718394441581363,79.65296934440717,0.034125330129191306,25.978581413912135
81,19.49208316287479,69.0690922092747,0.037087798622008915,18.95858620308541,21.683180327865564,79.67777214794364,0.034501055597276724,25.961094727212235
82,20.03209603799356,68.17491912841797,0.03258137012252937,18.33631536122915,21.657254530967464,79.24671270223662,0.03389350981774339,25.764150657873046
83,18.39960108576594,75.31884311985326,0.05478907436937899,22.082918476414036,21.64546418264742,79.51813262997916,0.03456396139033842,25.858015828081143
84,19.90785500809953,80.33427016799514,0.0694140272366034,19.694351144739098,21.631574022358862,79.2432092788202,0.034320088619679646,25.68403462440201
85,18.692561587771856,68.55038926408098,0.03816145285964012,19.716828887527054,21.602136778856394,78.90165285996052,0.03378338985309233,25.56236235765745
86,19.563482542295713,69.47304081272435,0.04147919488919748,17.902316737819362,21.542632125388117,78.88899286895295,0.03361847314974523,25.718186713311365
87,19.87839054416966,73.62169915276604,0.04364149926884754,20.77246856689453,21.50705489976113,78.37575661882795,0.033209214853761874,25.39888232263361
88,18.802160778561152,71.41179038382866,0.0483394103074396,19.30564560761323,21.49133506380943,78.31617757676995,0.03312021668887499,25.397442399811887
89,19.122324453817832,66.84998764862885,0.03190047062329344,19.035197232220625,21.435133775075276,77.87368695887902,0.03258530617095024,25.227827497825768
90,19.377402125178158,71.7833484958958,0.0481022204700354,18.597878533440667,21.396359620713806,77.79596237852282,0.032522323264314486,25.24654619239507
91,19.280872344970703,71.04247634475296,0.04941073855435526,17.65751047392149,21.35233023855089,77.69398000405583,0.03259213085817345,25.21168024554065
92,18.970981391700537,68.41747675715266,0.04025774006102536,18.398192379925703,21.317100807417148,77.50195510908105,0.03230021083247382,25.17769030202602
93,18.561272595379805,66.57079954405089,0.036597941574212665,18.468870936213314,21.300649865667648,77.33413207726129,0.03230465739463932,25.0414350973692
94,18.83764344292718,65.50220984381599,0.034842534645183665,17.37416153985101,21.250903950215882,77.01218097876772,0.03181797370897851,24.964980950882026
95,18.708268397563213,67.14091965958879,0.037293716560344435,18.536268955952412,21.240439339574312,77.13000850019783,0.032338488976124354,24.947583160015068
96,18.23424365069415,64.21347994417758,0.03372162912745733,17.62850385098844,21.20233805409627,76.74570100824828,0.03158043833249659,24.866893446765182
97,19.956558794588656,65.89351117933118,0.030146115182622057,16.93655895542454,21.198724014590486,77.09434243803113,0.03261989571146981,24.910925698421508
98,18.137812691765863,67.60667295713682,0.041384579865513624,18.915673797195023,21.172590076528913,76.70860265813526,0.03183219971353248,24.813762551357172
99,18.29056672792177,63.86854831592457,0.028734929305878846,18.66693625579009,21.123954260735427,76.22844566762427,0.031072032930980167,24.65892722904786
