epochs,test_kl_losses,test_losses,test_recon_losses,train_kl_losses,train_losses,train_recon_losses
0,25.388104516106683,45.18671272896432,19.798608444832468,25.988481019587653,77.45335843429379,51.46487738919233
1,27.014739113885003,43.51198062381229,16.49724189655201,27.87101382023364,53.22808206027412,25.35706823605438
2,25.861983531230205,42.711729513632285,16.84974580197721,27.911598040807625,49.29959593812417,21.387997879545185
3,25.5345658482732,39.60807820912954,14.0735126959311,27.767974273870315,47.5665513822236,19.798577126124645
4,24.84834232845822,41.01118531098237,16.16284298252415,27.559201012003175,46.5105061316814,18.951305112287336
5,25.316577602077174,37.86619877170872,12.549621298506453,27.383758622650817,45.82517731526055,18.44141869344017
6,24.731004147916227,35.991415900153086,11.260411752236855,27.226296768334635,45.236339476082804,18.010042712398622
7,24.45363606633367,43.66167336541253,19.208037299078864,27.085852132529507,44.79730266496638,17.71145054173777
8,23.986914866679424,36.1804807508314,12.193566064576846,26.95190618263226,44.352178443395815,17.40027223186433
9,23.433348681475664,42.536577379381335,19.10322885255556,26.825971792068934,44.11830548366492,17.292333674655065
10,23.861905948535817,35.046788911561706,11.184883014575854,26.665691925980248,43.70492101720466,17.03922908483005
11,23.725116626636403,35.61768928734032,11.892572016329378,26.542435235654963,43.67988695678126,17.13745173291851
12,23.478695637470967,41.09571054819468,17.617014781848805,26.404695352084627,43.27802803307948,16.873332693949678
13,23.437671042777396,36.843552254341745,13.40588126311431,26.22912575832355,42.90610654824953,16.676980798977752
14,23.12728165291451,35.756401886811126,12.629120672071302,26.059427751310608,42.71432136401446,16.654893569105887
15,22.98570323634792,34.08969281170819,11.103989317610457,25.92152327703956,42.46590409532983,16.544380825182902
16,22.44268644178236,35.36603793582401,12.923351957991317,25.78966179943716,42.188036348295725,16.398374497288405
17,22.353079151462865,33.72315195444468,11.370072802981815,25.716904198405054,42.15920669033485,16.44230247540409
18,22.16916424519307,33.033929257779505,10.864765012586439,25.617302740463103,41.72531133809184,16.108008589324367
19,21.95121698121767,34.14913662059887,12.197919794031092,25.53295579383449,41.60173154350608,16.06877573422545
20,21.87505835455817,33.11614784034523,11.241089253812223,25.441695284569402,41.390809345477884,15.949114025697938
21,21.906392844947607,35.25922435038799,13.352830835290858,25.37885385006407,41.21967704883231,15.840823191958659
22,21.553794345340215,34.77500668087521,13.221212232435072,25.320236160546717,41.028850609232265,15.708614437142469
23,21.67874661007443,32.473615801012194,10.794869113612819,25.265515142930422,40.927578471006726,15.662063316782357
24,21.724486686087943,32.134002530896986,10.409515741709116,25.250669331718345,40.90353116886161,15.65286181987017
25,21.50696744145574,31.96693621455012,10.459968773094383,25.21969268563648,40.89860661425934,15.678913938338978
26,21.976053598764782,34.49962337596996,12.523569467905405,25.211033920260185,40.640968221108366,15.429934318536501
27,21.711227365442223,32.386208096066035,10.674980730623812,25.15505582503183,40.595898087454025,15.440842279529207
28,21.143066045400257,32.2286999161179,11.085633973817568,25.145277801933542,40.926676875413065,15.781399057285995
29,21.685458002863705,32.3989433597874,10.713485408473659,25.093987122100224,40.66635298687421,15.572365864773985
30,21.656948038049645,32.36965390798208,10.712706024582321,25.0605625697687,40.45707592155326,15.396513305861374
31,21.02659003799026,33.07439149392618,12.047801455935916,25.074344710911745,40.422860155534096,15.348515434407972
32,21.243735236090583,33.70852465242953,12.464789261689058,25.06772368031485,40.62568200369489,15.557958309511738
33,21.841919563912057,33.337976713438294,11.496056917551401,25.022721590210196,40.262710232802775,15.239988620752078
34,21.57436870884251,31.60587671640757,10.031508033340042,25.012598901706802,40.129316923552715,15.116718013707622
35,22.3637533445616,68.39504386283257,46.03128948727169,24.982577713056543,40.09593797070521,15.11336027060349
36,21.14163878157332,32.63274857804582,11.491110208872202,24.952875781914617,40.5906488308297,15.637773021759783
37,22.11494069486051,38.90448534166491,16.789544389054583,24.939431670151368,40.30138669135221,15.361955047110488
38,21.792194521104967,34.46116555703653,12.668971113256505,24.93627017651315,40.31877455882435,15.382504391778184
39,21.481587229548275,33.36482537759317,11.883238740869471,24.920021196974567,39.90173535229063,14.9817141965888
40,21.15685308301771,33.59047967034417,12.43362635535163,24.899508304855043,40.03319310128834,15.133684784391955
41,21.108522827560837,31.10934370917243,10.000820469211888,24.88322094299784,39.9228835888168,15.039662601473605
42,20.89303815687025,31.06480180895006,10.171763497429925,24.865037630925567,39.76822279389002,14.903185145940485
43,20.867498913326777,33.12305579314361,12.255556647841995,24.839643425743823,39.641522957945654,14.801879523482235
44,20.59397315979004,33.22301709974134,12.629043939951304,24.820764187029205,39.999674897042766,15.178910718567069
45,20.531135301332217,30.932088748828786,10.400953911446237,24.831229771773852,39.806160255493246,14.974930487705498
46,20.77384799235576,31.446391389176654,10.67254334527093,24.80542576782216,39.63045410792697,14.8250283455857
47,20.78581160468024,33.49384106816472,12.708030082084036,24.802343834737833,39.601866256729814,14.799522420165017
48,20.989672841252506,30.9281509502514,9.93847808322391,24.788533525988434,39.5557549156739,14.76722139541549
49,20.860040767772777,30.513444230363177,9.653403411040435,24.754345941693057,40.34798090584973,15.593634949291845
50,20.95911031155973,33.938658791619375,12.979548016109982,24.776038387767613,39.55440178734631,14.778363379731239
51,20.71053190489073,37.85275546924488,17.142223641679095,24.741591307229175,39.59715116003257,14.855559870076487
52,20.94300259770574,31.85451770473171,10.911515235900879,24.77008754623264,39.55410850542175,14.78402093070511
53,20.23302160727011,31.906635026674014,11.673613677153716,24.730038314196175,39.39697538407079,14.666937090801635
54,20.91001288955276,32.375582411482526,11.465569676579657,24.740157514862464,39.42406331816022,14.68390580454341
55,20.934057957417256,43.99695917077967,23.06290105871252,24.72957756161399,39.55434479210195,14.824767221851408
56,20.831846185632653,31.66258497495909,10.83073868622651,24.71516579362583,39.31049885379442,14.595333055850315
57,20.570647471659893,31.089581618437897,10.518933966353133,24.692576780588276,39.208154371082884,14.515577560349733
58,20.73292469333958,32.350467784984694,11.617543452494854,24.66834442742566,39.444596930357356,14.776252495789935
59,20.43361086458773,35.551446656923034,15.117835869660249,24.68092819291596,39.37051602731969,14.68958784984986
60,20.62262354670344,32.20112135603621,11.578497680457863,24.668571521994213,39.522594351255286,14.854022851433749
61,20.578076027535104,30.64458279996305,10.066506746652964,24.64632251544183,39.407178331692016,14.760855812430174
62,20.571947458628063,30.169507928796715,9.59756072791847,24.64847797634958,39.14163751977531,14.493159573487562
63,20.622253778818493,30.535046293928815,9.91279243778538,24.63634031120388,39.098090499006304,14.461750180162399
64,20.632675222448402,34.10498052029996,13.472304988551784,24.63636391887844,39.37936495405919,14.743001038419457
65,19.806858011194176,35.63744148048195,15.830583108438027,24.664473690915216,39.79406098080445,15.129587269377435
66,20.89598459810824,30.364352509782123,9.468368079211261,24.649153748608267,39.457184281012026,14.808030523933297
67,20.864202602489573,33.10484246949892,12.240639712359455,24.620273066746236,39.82385393087559,15.203580818704427
68,20.216962505031276,32.71321719401592,12.496254792084565,24.605666778262837,39.24063744340695,14.634970624120507
69,20.736590617411846,30.934794761039115,10.198203963202399,24.61872539251202,39.04452953551215,14.425804132619664
70,20.276929597596865,30.82100775435164,10.5440785433795,24.59399963695801,40.01968418302041,15.425684557937654
71,20.294974919911976,29.876212506680876,9.581237870293695,24.58423240522772,39.16041620547495,14.576183847083898
72,20.59534248145851,30.94204717069059,10.346704431482264,24.58307339928367,39.35328406815909,14.770210672446304
73,20.571073222804714,31.85497201455606,11.283898817526328,24.594020727908973,38.947872138280815,14.35385144101498
74,20.7171455074001,33.31735899641707,12.600213385917044,24.582194920409975,38.94569007231773,14.363495142689901
75,20.321135598260003,30.688869785618138,10.367734019820755,24.576392297336177,38.935546614907004,14.359154321889104
76,20.672836303710938,35.16049276815878,14.48765602627316,24.5676585748527,39.00380378066767,14.436145202825394
77,20.55873159460119,30.760097761411924,10.201366218360695,24.558835473221713,38.845225606218776,14.286390103931753
78,20.88935120041306,31.299173561302393,10.40982251553922,24.553086833727978,39.09693512572764,14.54384826982698
79,20.666618398717933,33.72282502457902,13.05620662586109,24.553425188971413,38.78006595952384,14.226640788780527
80,20.661765433646536,35.41085856669658,14.749093545449746,24.53283402596729,39.26810368757471,14.735269657372182
81,20.704535200789167,30.852730828362542,10.148195150736216,24.552602916426544,38.90680355296572,14.35420063712048
82,21.308095571157093,37.12227259455501,15.81417735847267,24.536756475641933,38.86669368006468,14.3299372255989
83,20.526828662769216,31.19697194486051,10.670142972791517,24.538238624877025,38.83890254154557,14.300663927879453
84,20.37102864239667,29.948318378345387,9.577289658623773,24.531834186971167,38.718931343944924,14.187097175824688
85,20.663306468241924,30.591814865937103,9.928507985295477,24.517982381928967,39.50951901432198,14.991536626247777
86,20.54797889090873,30.31913679999274,9.77115772865914,24.51242685666777,38.757136312688694,14.244709441737404
87,20.60108380704313,30.448520196450723,9.847436672932393,24.52128653142644,38.965326765280324,14.444040216829917
88,20.370963328593486,31.816641884881097,11.445678607837573,24.50607998435068,38.6318269398768,14.125746903457694
89,20.453018085376637,30.89471538646801,10.441697326866356,24.499129857887418,38.91446527044601,14.415335412641637
90,20.6299906550227,31.015328484612542,10.385337623389992,24.502685644202263,38.57366767439515,14.070982035175511
91,20.84740602647936,32.33858010575578,11.491174233926309,24.485043323069075,39.26320192283224,14.778158620108881
92,20.683236457206107,30.546147062971784,9.862910399565825,24.48974220614033,38.60120098369124,14.11145876202173
93,20.689835883475638,32.0858373384218,11.396001442058667,24.461983822065545,39.226217136363125,14.764233327501536
94,20.63386716069402,30.16554610793655,9.53167861216777,24.480763128268016,38.77449240629701,14.293729275122455
95,20.705180451676654,34.82035394617029,14.115173623368547,24.485208530286513,38.65037544061813,14.165166888075895
96,20.739990234375,31.0618754206477,10.321885237822661,24.47367146421251,38.592375144772475,14.118703665612093
97,20.577336904164905,32.18749716475203,11.610160131712217,24.461727687765272,38.8548241193101,14.393096436527456
98,20.57917321694864,31.46552142581424,10.886347667590991,24.442238340806313,38.9252125817448,14.48297424583807
99,20.90108093055519,30.558056547835065,9.656975385305044,24.465188028919535,39.760854102891734,15.295666108767524
